{"cameraMode":{"drawMode":0,"name":"Shaded","section":"Shading Mode"},"sceneLighting":false,"audioPlay":false,"sceneViewState":{"m_AlwaysRefresh":false,"showFog":true,"showSkybox":false,"showFlares":true,"showImageEffects":true,"showParticleSystems":true,"showVisualEffectGraphs":true,"m_FxEnabled":true},"in2DMode":false,"pivot":{"x":0.4852336347103119,"y":3.5162734985351564,"z":1.4535624980926514},"rotation":{"x":-0.056631218641996387,"y":0.8170064091682434,"z":-0.08142118155956269,"w":-0.568200945854187},"size":0.4607459306716919,"orthographic":false}