{"cameraMode":{"drawMode":0,"name":"Shaded","section":"Shading Mode"},"sceneLighting":false,"audioPlay":false,"sceneViewState":{"m_AlwaysRefresh":false,"showFog":true,"showSkybox":false,"showFlares":true,"showImageEffects":true,"showParticleSystems":true,"showVisualEffectGraphs":true,"m_FxEnabled":true},"in2DMode":false,"pivot":{"x":-3.944999933242798,"y":2.1248185634613039,"z":0.8567749261856079},"rotation":{"x":0.1736280918121338,"y":-0.014682983048260212,"z":0.0028119327034801246,"w":0.9848638772964478},"size":1.3822379112243653,"orthographic":false}