{"cameraMode":{"drawMode":0,"name":"Shaded","section":"Shading Mode"},"sceneLighting":false,"audioPlay":false,"sceneViewState":{"m_AlwaysRefresh":false,"showFog":true,"showSkybox":false,"showFlares":true,"showImageEffects":true,"showParticleSystems":true,"showVisualEffectGraphs":true,"m_FxEnabled":true},"in2DMode":false,"pivot":{"x":-3.1787164211273195,"y":3.235746145248413,"z":4.750723838806152},"rotation":{"x":-0.0008626648923382163,"y":0.9990502595901489,"z":-0.024492142722010614,"w":-0.040051575750112537},"size":0.9106163382530212,"orthographic":false}