{"cameraMode":{"drawMode":0,"name":"Shaded","section":"Shading Mode"},"sceneLighting":true,"audioPlay":false,"sceneViewState":{"m_AlwaysRefresh":false,"showFog":true,"showSkybox":true,"showFlares":true,"showImageEffects":true,"showParticleSystems":true,"showVisualEffectGraphs":true,"m_FxEnabled":true},"in2DMode":false,"pivot":{"x":6.087318420410156,"y":14.952300071716309,"z":-18.633018493652345},"rotation":{"x":-0.2626293897628784,"y":-0.04695412144064903,"z":0.012494468130171299,"w":-0.9638550281524658},"size":0.36845213174819949,"orthographic":false}