{"cameraMode":{"drawMode":0,"name":"Shaded","section":"Shading Mode"},"sceneLighting":true,"audioPlay":false,"sceneViewState":{"m_AlwaysRefresh":false,"showFog":true,"showSkybox":true,"showFlares":true,"showImageEffects":true,"showParticleSystems":true,"showVisualEffectGraphs":true,"m_FxEnabled":true},"in2DMode":false,"pivot":{"x":7.022416114807129,"y":-6.903279781341553,"z":9.047654151916504},"rotation":{"x":-0.32275742292404177,"y":0.0032953559421002867,"z":-0.00032993845525197685,"w":-0.9466822147369385},"size":18.1780948638916,"orthographic":false}