{"cameraMode":{"drawMode":0,"name":"Shaded","section":"Shading Mode"},"sceneLighting":true,"audioPlay":false,"sceneViewState":{"m_AlwaysRefresh":false,"showFog":true,"showSkybox":true,"showFlares":true,"showImageEffects":true,"showParticleSystems":true,"showVisualEffectGraphs":true,"m_FxEnabled":true},"in2DMode":false,"pivot":{"x":2.352978229522705,"y":7.680085182189941,"z":-11.175790786743164},"rotation":{"x":0.2823149263858795,"y":-0.04525342956185341,"z":0.013224970549345017,"w":0.9581643342971802},"size":2.598076105117798,"orthographic":false}